Length;Input;Sum;Substract;Multipl;Divide1;Divide2;OutputToStr
1;0.000007;0.000009;0.000005;0.000003;0.000094;0.000085;0.000166
21;0.000005;0.000003;0.000004;0.000003;0.000098;0.000096;0.003402
41;0.000006;0.000002;0.000003;0.000002;0.000064;0.000063;0.004771
61;0.000008;0.000003;0.000005;0.000004;0.000085;0.000075;0.008064
81;0.000017;0.000004;0.000006;0.000005;0.000070;0.000070;0.010730
101;0.000027;0.000005;0.000005;0.000006;0.000087;0.000090;0.013324
121;0.000015;0.000003;0.000004;0.000004;0.000085;0.000092;0.018974
141;0.000024;0.000006;0.000007;0.000007;0.000093;0.000081;0.020757
161;0.000036;0.000009;0.000004;0.000007;0.000092;0.000078;0.021571
181;0.000036;0.000005;0.000005;0.000007;0.000081;0.000077;0.023256
201;0.000031;0.000003;0.000004;0.000007;0.000076;0.000071;0.026177
221;0.000035;0.000003;0.000004;0.000008;0.000074;0.000075;0.027796
241;0.000045;0.000006;0.000007;0.000014;0.000085;0.000075;0.030142
261;0.000063;0.000005;0.000006;0.000011;0.000133;0.000068;0.039838
281;0.000079;0.000006;0.000006;0.000018;0.000137;0.000115;0.046788
301;0.000055;0.000008;0.000004;0.000014;0.000079;0.000073;0.047798
321;0.000068;0.000004;0.000005;0.000016;0.000089;0.000084;0.042015
341;0.000083;0.000004;0.000007;0.000017;0.000074;0.000067;0.045820
361;0.000107;0.000004;0.000006;0.000028;0.000115;0.000103;0.066094
381;0.000087;0.000005;0.000005;0.000021;0.000079;0.000099;0.060695
401;0.000118;0.000007;0.000007;0.000024;0.000106;0.000091;0.061268
421;0.000161;0.000007;0.000010;0.000039;0.000129;0.000143;0.077353
441;0.000110;0.000003;0.000005;0.000024;0.000073;0.000073;0.063271
461;0.000166;0.000005;0.000007;0.000036;0.000076;0.000071;0.088430
481;0.000224;0.000005;0.000006;0.000050;0.000140;0.000126;0.075722
501;0.000155;0.000005;0.000008;0.000034;0.000090;0.000100;0.093803
521;0.000148;0.000006;0.000005;0.000038;0.000099;0.000078;0.085413
541;0.000162;0.000003;0.000005;0.000037;0.000267;0.000276;0.111868
561;0.000156;0.000003;0.000005;0.000039;0.000105;0.000094;0.090145
581;0.000213;0.000009;0.000014;0.000053;0.000255;0.000217;0.100832
601;0.000209;0.000011;0.000009;0.000051;0.000241;0.000214;0.110920
621;0.000189;0.000004;0.000004;0.000047;0.000231;0.000232;0.103450
641;0.000300;0.000011;0.000008;0.000080;0.000278;0.000281;0.122732
661;0.000210;0.000004;0.000005;0.000053;0.000206;0.000200;0.119249
681;0.000297;0.000007;0.000007;0.000084;0.000293;0.000260;0.122254
701;0.000353;0.000008;0.000010;0.000100;0.000319;0.000298;0.128411
721;0.000470;0.000006;0.000007;0.000089;0.000361;0.000342;0.155840
741;0.000425;0.000012;0.000011;0.000094;0.000367;0.000314;0.161155
761;0.000449;0.000006;0.000007;0.000099;0.000364;0.000360;0.131675
781;0.000325;0.000005;0.000005;0.000074;0.000211;0.000206;0.143935
801;0.000327;0.000006;0.000008;0.000085;0.000338;0.000391;0.166947
821;0.000483;0.000005;0.000006;0.000118;0.000320;0.000365;0.163607
841;0.000360;0.000007;0.000007;0.000094;0.000313;0.000282;0.148906
861;0.000344;0.000012;0.000007;0.000094;0.000352;0.000341;0.172728
881;0.000398;0.000004;0.000005;0.000091;0.000293;0.000300;0.168152
901;0.000439;0.000011;0.000009;0.000105;0.000372;0.000332;0.162228
921;0.000411;0.000010;0.000009;0.000102;0.000351;0.000361;0.166280
941;0.000427;0.000008;0.000006;0.000104;0.000336;0.000310;0.181651
961;0.000424;0.000004;0.000005;0.000106;0.000284;0.000332;0.198521
981;0.000470;0.000013;0.000007;0.000134;0.000323;0.000280;0.178517
1001;0.000471;0.000004;0.000006;0.000121;0.000388;0.000370;0.208535
1021;0.000501;0.000006;0.000007;0.000189;0.000390;0.000378;0.221281
1041;0.000944;0.000011;0.000008;0.000193;0.000405;0.000435;0.241693
1061;0.000767;0.000007;0.000012;0.000296;0.000583;0.000501;0.255721
1081;0.000823;0.000011;0.000013;0.000225;0.000809;0.000781;0.254507
1101;0.000866;0.000009;0.000009;0.000213;0.000675;0.000712;0.270304
1121;0.000961;0.000010;0.000011;0.000243;0.000712;0.000666;0.261305
1141;0.000667;0.000009;0.000009;0.000187;0.000545;0.000497;0.270108
1161;0.001061;0.000009;0.000010;0.000257;0.000890;0.000774;0.282229
1181;0.000896;0.000010;0.000012;0.000243;0.000650;0.000614;0.297435
1201;0.000934;0.000011;0.000010;0.000324;0.000828;0.000820;0.306891
1221;0.001082;0.000011;0.000013;0.000313;0.000714;0.000802;0.313192
1241;0.001038;0.000007;0.000008;0.000284;0.000760;0.000648;0.269501
1261;0.000711;0.000004;0.000007;0.000177;0.000552;0.000559;0.240869
1281;0.000753;0.000009;0.000009;0.000191;0.000624;0.000560;0.288918
1301;0.001275;0.000010;0.000010;0.000323;0.000941;0.000975;0.324399
1321;0.001153;0.000008;0.000011;0.000286;0.000773;0.000877;0.325449
1341;0.000812;0.000009;0.000009;0.000232;0.000568;0.000538;0.318637
1361;0.001229;0.000007;0.000010;0.000338;0.000910;0.000834;0.347805
1381;0.001258;0.000007;0.000008;0.000324;0.001002;0.000826;0.324702
1401;0.001261;0.000008;0.000009;0.000367;0.000882;0.000913;0.379911
1421;0.001387;0.000012;0.000010;0.000390;0.001353;0.001086;0.381462
1441;0.001321;0.000010;0.000011;0.000420;0.000859;0.000868;0.395935
1461;0.001388;0.000005;0.000006;0.000274;0.000831;0.000770;0.396191
1481;0.001445;0.000006;0.000007;0.000243;0.000876;0.000919;0.378542
1501;0.001088;0.000011;0.000010;0.000262;0.000690;0.000753;0.372282
1521;0.001063;0.000005;0.000006;0.000275;0.000680;0.000591;0.325555
1541;0.001198;0.000009;0.000009;0.000317;0.000765;0.000788;0.379188
1561;0.001389;0.000007;0.000009;0.000470;0.000867;0.000675;0.417770
1581;0.001738;0.000013;0.000012;0.000544;0.001309;0.001288;0.439000
1601;0.001148;0.000005;0.000007;0.000340;0.001059;0.001116;0.424267
1621;0.001203;0.000010;0.000009;0.000332;0.001432;0.001291;0.359088
1641;0.001206;0.000010;0.000011;0.000318;0.001006;0.000957;0.371646
1661;0.001891;0.000009;0.000012;0.000474;0.001106;0.001175;0.476094
1681;0.001914;0.000009;0.000010;0.000520;0.001274;0.001460;0.476852
1701;0.001279;0.000008;0.000012;0.000337;0.000926;0.000869;0.416774
1721;0.001884;0.000008;0.000009;0.000541;0.001461;0.001491;0.515173
1741;0.001438;0.000009;0.000020;0.000521;0.001284;0.001316;0.524295
1761;0.001588;0.000008;0.000007;0.000347;0.001399;0.001526;0.534110
1781;0.001860;0.000008;0.000009;0.000595;0.001265;0.001385;0.504660
1801;0.001451;0.000006;0.000008;0.000369;0.001198;0.001253;0.531593
1821;0.001609;0.000007;0.000009;0.000418;0.000954;0.000900;0.431524
1841;0.001576;0.000007;0.000008;0.000385;0.001514;0.001579;0.466158
1861;0.001579;0.000006;0.000007;0.000393;0.001008;0.000934;0.443857
1881;0.001582;0.000007;0.000007;0.000415;0.001514;0.001530;0.460046
1901;0.001883;0.000012;0.000010;0.000446;0.001377;0.001423;0.563021
1921;0.002091;0.000006;0.000007;0.000501;0.001356;0.001359;0.592766
1941;0.002439;0.000016;0.000014;0.000725;0.001566;0.001681;0.570234
1961;0.001753;0.000007;0.000008;0.000443;0.001480;0.001483;0.553064
1981;0.002632;0.000022;0.000024;0.000662;0.001362;0.001709;0.573785
2001;0.001988;0.000011;0.000010;0.000491;0.001459;0.001473;0.539832
2021;0.002698;0.000007;0.000010;0.000669;0.001491;0.001412;0.654005
2041;0.002615;0.000013;0.000012;0.000725;0.001748;0.001635;0.657315
2061;0.002215;0.000009;0.000010;0.000913;0.002023;0.002001;0.672022
2081;0.002873;0.000012;0.000012;0.000755;0.002039;0.002238;0.673983
2101;0.002127;0.000006;0.000009;0.000566;0.001825;0.001609;0.621901
2121;0.003102;0.000018;0.000013;0.000829;0.001859;0.002041;0.660311
2141;0.002095;0.000010;0.000009;0.000528;0.001308;0.001354;0.711888
2161;0.002571;0.000017;0.000017;0.000797;0.002215;0.002116;0.712618
2181;0.003039;0.000014;0.000011;0.000987;0.002128;0.002415;0.735303
2201;0.003435;0.000011;0.000010;0.000549;0.001929;0.001345;0.709195
2221;0.002997;0.000010;0.000010;0.000906;0.002510;0.002401;0.730869
2241;0.003184;0.000013;0.000015;0.000866;0.002306;0.001881;0.722238
2261;0.002260;0.000014;0.000010;0.000611;0.002033;0.002026;0.730840
2281;0.003236;0.000009;0.000022;0.000987;0.003114;0.002925;0.791114
2301;0.003350;0.000013;0.000013;0.000979;0.002735;0.002588;0.744642
2321;0.002504;0.000013;0.000011;0.000634;0.002421;0.002380;0.721908
2341;0.003605;0.000020;0.000017;0.001089;0.002669;0.002634;0.708385
2361;0.002470;0.000009;0.000009;0.000647;0.001887;0.002040;0.713705
2381;0.002990;0.000010;0.000010;0.000944;0.002671;0.002632;0.748397
2401;0.003478;0.000012;0.000014;0.001015;0.002202;0.002083;0.818034
2421;0.002754;0.000011;0.000010;0.000691;0.001585;0.001540;0.776426
2441;0.003233;0.000009;0.000011;0.001018;0.002842;0.002914;0.866471
2461;0.003840;0.000014;0.000015;0.001060;0.001954;0.002350;0.771233
2481;0.004172;0.000011;0.000011;0.000707;0.002326;0.002211;0.849814
2501;0.004012;0.000016;0.000014;0.001190;0.003322;0.003062;0.868660
2521;0.003460;0.000010;0.000012;0.001118;0.002463;0.002554;0.895030
2541;0.003969;0.000014;0.000012;0.001203;0.002644;0.002397;0.920454
2561;0.003731;0.000010;0.000012;0.001159;0.002290;0.002452;0.901604
2581;0.003848;0.000013;0.000018;0.001176;0.002482;0.002520;0.892704
2601;0.004706;0.000010;0.000013;0.000825;0.002186;0.002674;0.949446
2621;0.004583;0.000013;0.000019;0.001296;0.003238;0.002803;0.889311
2641;0.003250;0.000011;0.000010;0.000823;0.002359;0.002246;0.814153
2661;0.003292;0.000008;0.000009;0.000880;0.002488;0.002545;0.878221
2681;0.003495;0.000010;0.000010;0.000934;0.002413;0.002366;0.888126
2701;0.003209;0.000011;0.000011;0.000902;0.002839;0.002850;0.866889
2721;0.005246;0.000010;0.000012;0.001491;0.003025;0.003095;0.800807
2741;0.003328;0.000014;0.000013;0.001011;0.002206;0.002109;0.780199
2761;0.003403;0.000014;0.000013;0.000860;0.001992;0.002089;0.790391
2781;0.003845;0.000007;0.000009;0.000895;0.002414;0.002690;0.931408
2801;0.005465;0.000012;0.000013;0.001097;0.002569;0.003262;1.084472
2821;0.003638;0.000015;0.000013;0.000978;0.002629;0.002571;0.966146
2841;0.004662;0.000017;0.000016;0.001460;0.003881;0.003624;1.042099
2861;0.003755;0.000018;0.000026;0.000978;0.003564;0.003476;1.087280
2881;0.008646;0.000018;0.000019;0.001553;0.002580;0.002883;1.148979
2901;0.005433;0.000023;0.000021;0.001556;0.004396;0.003913;0.943187
2921;0.003843;0.000019;0.000013;0.001122;0.002618;0.002367;0.874719
2941;0.003843;0.000024;0.000013;0.000993;0.002678;0.002597;0.927735
2961;0.004144;0.000009;0.000010;0.001095;0.003541;0.003598;0.943626
2981;0.004371;0.000009;0.000011;0.001172;0.003836;0.003720;0.975919
3001;0.004139;0.000027;0.000028;0.001620;0.003875;0.003540;1.131299
3021;0.005141;0.000020;0.000014;0.001295;0.003154;0.003314;0.978737
3041;0.004410;0.000008;0.000010;0.001131;0.002720;0.002886;0.973311
3061;0.004430;0.000016;0.000013;0.001165;0.003273;0.003269;1.076453
3081;0.005474;0.000008;0.000010;0.001086;0.003129;0.002900;1.077145
3101;0.006402;0.000010;0.000013;0.001626;0.003341;0.003539;1.163668
3121;0.005964;0.000020;0.000024;0.001885;0.003159;0.002875;1.191174
3141;0.004412;0.000014;0.000015;0.001193;0.003997;0.003836;1.199785
3161;0.004646;0.000009;0.000010;0.001182;0.002655;0.002629;1.210970
3181;0.004608;0.000009;0.000010;0.001279;0.003535;0.003458;1.261462
3201;0.006698;0.000011;0.000011;0.001417;0.003443;0.003541;1.235661
3221;0.004781;0.000018;0.000014;0.001262;0.003617;0.003558;1.186079
3241;0.005143;0.000017;0.000014;0.001616;0.004402;0.004588;1.276435
3261;0.006319;0.000012;0.000014;0.001923;0.003701;0.003788;1.241270
3281;0.005330;0.000013;0.000017;0.001882;0.004619;0.003672;1.344329
3301;0.007217;0.000023;0.000020;0.002155;0.003828;0.004150;1.401095
3321;0.006006;0.000016;0.000018;0.001835;0.004709;0.004494;1.401755
3341;0.006799;0.000020;0.000018;0.001824;0.005488;0.005522;1.313921
3361;0.007296;0.000048;0.000025;0.002109;0.005558;0.004150;1.426750
3381;0.007022;0.000011;0.000013;0.001985;0.006150;0.006532;1.428221
3401;0.007391;0.000023;0.000025;0.002134;0.003441;0.003802;1.476522
3421;0.007308;0.000012;0.000013;0.001484;0.004968;0.005178;1.489397
3441;0.007564;0.000020;0.000018;0.002316;0.003707;0.003207;1.433151
3461;0.006526;0.000016;0.000016;0.002423;0.005288;0.005281;1.544482
3481;0.007845;0.000013;0.000015;0.001835;0.004044;0.004226;1.495008
3501;0.010023;0.000016;0.000019;0.002606;0.006709;0.005727;1.355462
3521;0.006017;0.000020;0.000016;0.001513;0.003333;0.003286;1.483468
3541;0.006554;0.000010;0.000011;0.001540;0.004240;0.004322;1.554724
3561;0.008182;0.000016;0.000014;0.001568;0.005852;0.005744;1.480977
3581;0.008290;0.000018;0.000019;0.002349;0.005199;0.004023;1.412667
3601;0.008695;0.000012;0.000016;0.001693;0.005186;0.004023;1.478911
3621;0.008375;0.000045;0.000024;0.002447;0.006134;0.006445;1.533481
3641;0.006117;0.000021;0.000019;0.001634;0.005711;0.005489;1.543831
3661;0.008535;0.000026;0.000020;0.001564;0.005374;0.005521;1.617975
3681;0.007478;0.000020;0.000017;0.002331;0.004842;0.004965;1.471477
3701;0.007872;0.000018;0.000018;0.002524;0.005079;0.005018;1.677102
3721;0.008751;0.000046;0.000041;0.002591;0.005433;0.005867;1.607988
3741;0.008879;0.000037;0.000019;0.002626;0.005824;0.004675;1.602805
3761;0.009013;0.000020;0.000020;0.002687;0.006332;0.006030;1.693305
3781;0.008378;0.000013;0.000017;0.002592;0.006195;0.006278;1.669333
3801;0.009182;0.000021;0.000017;0.002183;0.006047;0.006194;1.729619
3821;0.008720;0.000022;0.000018;0.002536;0.004655;0.004933;1.805975
3841;0.008882;0.000025;0.000020;0.002750;0.006160;0.006381;1.748713
3861;0.006765;0.000009;0.000011;0.001671;0.004656;0.004724;1.446846
3881;0.008354;0.000021;0.000020;0.002481;0.005002;0.004923;1.851086
3901;0.009654;0.000012;0.000015;0.001992;0.007956;0.007695;1.708234
3921;0.010585;0.000014;0.000017;0.002711;0.005127;0.004817;1.747963
3941;0.010610;0.000013;0.000017;0.002818;0.006506;0.006749;1.818120
3961;0.007341;0.000023;0.000020;0.002029;0.006936;0.006585;1.815609
3981;0.010591;0.000013;0.000016;0.002854;0.006797;0.006485;1.840200
4001;0.010111;0.000024;0.000022;0.002747;0.006373;0.007217;1.760554
4021;0.009070;0.000025;0.000017;0.002417;0.005257;0.005119;1.893537
4041;0.010191;0.000026;0.000027;0.003157;0.007435;0.007157;1.800535
4061;0.007891;0.000028;0.000023;0.002091;0.005480;0.005271;1.765100
4081;0.007837;0.000011;0.000012;0.002038;0.005845;0.006084;1.923051
4101;0.010212;0.000035;0.000028;0.002776;0.007016;0.007027;1.940358
4121;0.010953;0.000015;0.000016;0.002989;0.007119;0.007324;1.890618
4141;0.011893;0.000016;0.000019;0.002610;0.005461;0.005705;1.895363
4161;0.010215;0.000027;0.000023;0.002998;0.007487;0.006927;1.901911
4181;0.008433;0.000013;0.000017;0.003083;0.005026;0.005618;1.960621
4201;0.009767;0.000019;0.000021;0.003013;0.007503;0.006188;2.057218
4221;0.011372;0.000015;0.000018;0.003102;0.006111;0.006245;1.997124
4241;0.008401;0.000031;0.000022;0.002368;0.006054;0.005995;2.038471
4261;0.008544;0.000023;0.000022;0.002454;0.006444;0.006680;2.024317
4281;0.011407;0.000024;0.000024;0.003148;0.010759;0.009849;2.074094
4301;0.011626;0.000014;0.000017;0.003117;0.007687;0.007622;2.104653
4321;0.008930;0.000016;0.000017;0.003342;0.006638;0.006694;2.146701
4341;0.012497;0.000014;0.000017;0.003497;0.007759;0.008368;2.090290
4361;0.012027;0.000014;0.000017;0.002813;0.007611;0.007350;2.115968
4381;0.011012;0.000020;0.000021;0.003615;0.006011;0.005705;2.257234
4401;0.008611;0.000021;0.000019;0.002246;0.008499;0.010013;2.054751
4421;0.012460;0.000011;0.000013;0.002295;0.005425;0.005002;2.184867
4441;0.010320;0.000028;0.000023;0.002389;0.008553;0.007463;2.180786
4461;0.013361;0.000018;0.000017;0.003447;0.006914;0.007422;2.230237
4481;0.012466;0.000028;0.000032;0.003161;0.008041;0.007865;2.228429
4501;0.012547;0.000017;0.000019;0.003917;0.006853;0.007327;2.253534
4521;0.013614;0.000026;0.000027;0.003654;0.010015;0.008609;2.259603
4541;0.013222;0.000019;0.000021;0.003726;0.006684;0.007052;2.309097
4561;0.012433;0.000047;0.000023;0.003924;0.007697;0.008546;2.347415
4581;0.013515;0.000019;0.000020;0.003084;0.008488;0.008007;2.390325
4601;0.013601;0.000015;0.000017;0.003858;0.006630;0.007139;2.355354
4621;0.013162;0.000020;0.000019;0.003649;0.007292;0.006748;2.332805
4641;0.012936;0.000016;0.000019;0.003525;0.010792;0.010236;2.391873
4661;0.013280;0.000039;0.000026;0.004125;0.008466;0.008726;2.454072
4681;0.014241;0.000014;0.000018;0.003780;0.006609;0.006816;2.543052
4701;0.014048;0.000015;0.000019;0.003882;0.009978;0.009325;2.374821
4721;0.012937;0.000031;0.000023;0.004093;0.007547;0.007833;2.490562
4741;0.014250;0.000023;0.000019;0.003936;0.007902;0.008106;2.467279
4761;0.014387;0.000016;0.000020;0.003890;0.008218;0.008841;2.463662
4781;0.014247;0.000026;0.000019;0.003320;0.010132;0.010467;2.558699
4801;0.012894;0.000034;0.000024;0.004208;0.010579;0.011251;2.524908
4821;0.013340;0.000033;0.000025;0.004239;0.007095;0.007344;2.603527
4841;0.014638;0.000022;0.000020;0.003573;0.008766;0.007846;2.597386
4861;0.014721;0.000013;0.000016;0.003530;0.006288;0.006240;2.603799
4881;0.014874;0.000029;0.000021;0.004026;0.007526;0.007119;2.603990
4901;0.014394;0.000022;0.000021;0.004289;0.008825;0.009247;2.635684
4921;0.014225;0.000032;0.000037;0.004477;0.008796;0.008764;2.685304
4941;0.014481;0.000017;0.000018;0.004459;0.007968;0.009172;2.706861
4961;0.014508;0.000015;0.000018;0.004603;0.006931;0.007190;2.691930
4981;0.014735;0.000017;0.000017;0.004354;0.007353;0.007140;2.717597
5001;0.014913;0.000031;0.000026;0.004556;0.009180;0.009575;2.716627
5021;0.014946;0.000019;0.000016;0.003914;0.010330;0.011810;2.815504
5041;0.015969;0.000021;0.000023;0.004438;0.010213;0.010547;2.715458
5061;0.015154;0.000029;0.000033;0.004685;0.008045;0.008005;2.887359
5081;0.015695;0.000026;0.000030;0.003620;0.010236;0.010126;2.864333
5101;0.016098;0.000027;0.000021;0.003940;0.010152;0.010634;2.849609
5121;0.014064;0.000045;0.000041;0.005007;0.012374;0.012473;2.875546
5141;0.016559;0.000020;0.000020;0.004542;0.009341;0.009849;2.858260
5161;0.015956;0.000017;0.000017;0.003624;0.008984;0.008492;2.865218
5181;0.017384;0.000018;0.000022;0.004798;0.009029;0.007798;2.952782
5201;0.015795;0.000029;0.000034;0.004339;0.010756;0.011373;2.838370
5221;0.016276;0.000046;0.000041;0.005104;0.009555;0.010095;3.019177
5241;0.016821;0.000014;0.000017;0.004711;0.009244;0.009203;2.979335
5261;0.017782;0.000021;0.000020;0.004731;0.011815;0.012093;3.051819
5281;0.017363;0.000011;0.000014;0.005083;0.009646;0.010689;2.963261
5301;0.017782;0.000024;0.000021;0.004566;0.010169;0.010437;3.064187
5321;0.016453;0.000011;0.000014;0.004406;0.013116;0.013941;3.108681
5341;0.018130;0.000024;0.000025;0.004897;0.012076;0.010423;3.125859
5361;0.017634;0.000014;0.000019;0.004939;0.011754;0.010771;3.141418
5381;0.016238;0.000016;0.000021;0.004491;0.011530;0.011362;3.122916
5401;0.013199;0.000022;0.000025;0.004931;0.008590;0.009352;3.189523
5421;0.018347;0.000021;0.000019;0.005368;0.009636;0.008481;3.190387
5441;0.018862;0.000024;0.000027;0.005266;0.008371;0.007202;3.086548
5461;0.017709;0.000013;0.000019;0.005284;0.014061;0.014057;3.264561
5481;0.018769;0.000036;0.000021;0.005222;0.009421;0.008840;3.225844
5501;0.019356;0.000020;0.000020;0.005497;0.011748;0.010664;3.183634
5521;0.019137;0.000017;0.000022;0.004961;0.013483;0.013627;3.327842
5541;0.019290;0.000016;0.000020;0.005495;0.013704;0.013411;3.349960
5561;0.019457;0.000022;0.000022;0.005000;0.011075;0.011647;3.107997
5581;0.019593;0.000029;0.000031;0.005795;0.011010;0.011203;3.261326
5601;0.020362;0.000017;0.000022;0.004952;0.013237;0.013234;3.344177
5621;0.015208;0.000030;0.000019;0.003990;0.010838;0.010576;3.313695
5641;0.019807;0.000019;0.000019;0.005579;0.010924;0.008088;3.292942
5661;0.019379;0.000017;0.000021;0.004872;0.013130;0.012451;3.411756
5681;0.014069;0.000012;0.000014;0.003716;0.008142;0.008191;3.465773
5701;0.020327;0.000016;0.000020;0.005614;0.011697;0.011434;3.504809
5721;0.019585;0.000012;0.000015;0.005721;0.017093;0.014468;3.390257
5741;0.021059;0.000011;0.000015;0.003805;0.012490;0.015003;3.196454
5761;0.015779;0.000030;0.000029;0.004122;0.009928;0.009716;3.518325
5781;0.014795;0.000022;0.000015;0.003813;0.012570;0.012740;3.282589
5801;0.020586;0.000023;0.000019;0.005691;0.012276;0.011682;3.353860
5821;0.021355;0.000016;0.000018;0.006034;0.010984;0.010527;3.385191
5841;0.021338;0.000027;0.000026;0.006108;0.011925;0.010899;3.474253
5861;0.015732;0.000025;0.000025;0.006129;0.014202;0.013706;3.573637
5881;0.020019;0.000028;0.000022;0.005067;0.012700;0.012348;3.442242
5901;0.016314;0.000023;0.000034;0.004797;0.017257;0.017255;3.505628
5921;0.016779;0.000017;0.000022;0.006705;0.011445;0.010953;3.299587
5941;0.023530;0.000021;0.000026;0.006276;0.018576;0.019643;3.417596
5961;0.017221;0.000028;0.000034;0.005387;0.012803;0.013683;3.538623
5981;0.023491;0.000026;0.000031;0.006386;0.015032;0.015042;3.721450
6001;0.022895;0.000017;0.000020;0.005831;0.016261;0.016921;3.823378
6021;0.022876;0.000026;0.000038;0.006030;0.015524;0.017696;3.775509
6041;0.020973;0.000016;0.000019;0.004436;0.014023;0.014947;3.695785
6061;0.017069;0.000013;0.000015;0.004268;0.013982;0.013926;3.728789
6081;0.022386;0.000037;0.000025;0.006471;0.012023;0.012362;3.887185
6101;0.017063;0.000029;0.000020;0.004387;0.012875;0.015314;3.681138
6121;0.020474;0.000025;0.000023;0.005492;0.011187;0.011083;3.711365
6141;0.017616;0.000033;0.000026;0.007174;0.017621;0.016723;3.973027
6161;0.023112;0.000016;0.000020;0.006599;0.010803;0.009759;3.685418
6181;0.024103;0.000025;0.000019;0.004425;0.011164;0.010609;3.712370
6201;0.023756;0.000021;0.000021;0.005931;0.015478;0.014273;3.722200
6221;0.019056;0.000014;0.000018;0.005035;0.012470;0.012364;3.883007
6241;0.024158;0.000016;0.000020;0.004993;0.011924;0.014448;3.936314
6261;0.025696;0.000035;0.000045;0.006777;0.017141;0.018121;3.726645
6281;0.019293;0.000034;0.000030;0.005256;0.011432;0.010517;3.697503
6301;0.018059;0.000039;0.000031;0.004941;0.015275;0.015210;3.549145
6321;0.019244;0.000039;0.000034;0.005190;0.012043;0.012874;3.585454
6341;0.019414;0.000014;0.000025;0.005083;0.012421;0.012131;3.703504
6361;0.020592;0.000015;0.000018;0.005647;0.011535;0.011950;3.915811
6381;0.025702;0.000032;0.000027;0.007263;0.018654;0.017804;4.093832
6401;0.018370;0.000029;0.000025;0.007188;0.022148;0.022847;4.137412
6421;0.019485;0.000037;0.000042;0.006105;0.015097;0.015796;3.924622
6441;0.027635;0.000034;0.000035;0.005258;0.012783;0.013990;3.810756
6461;0.021420;0.000063;0.000047;0.009044;0.012286;0.013007;3.864745
6481;0.019613;0.000014;0.000018;0.005089;0.013859;0.013881;3.960685
6501;0.019558;0.000013;0.000017;0.005109;0.014368;0.014355;3.897731
6521;0.027056;0.000018;0.000023;0.007165;0.019666;0.018910;3.901239
6541;0.027416;0.000040;0.000040;0.005608;0.010682;0.011081;4.108642
6561;0.024966;0.000023;0.000032;0.007665;0.021289;0.021701;4.127859
6581;0.021436;0.000037;0.000039;0.005788;0.014571;0.014829;4.258247
6601;0.019402;0.000018;0.000023;0.007864;0.015343;0.015931;4.544772
6621;0.019744;0.000054;0.000030;0.006653;0.022625;0.022695;4.247974
6641;0.028638;0.000021;0.000038;0.008152;0.021186;0.020351;4.455176
6661;0.026811;0.000018;0.000022;0.006499;0.014377;0.014004;4.436516
6681;0.026791;0.000035;0.000029;0.005481;0.015264;0.016430;4.474926
6701;0.028125;0.000018;0.000023;0.007888;0.019294;0.018513;4.550595
6721;0.028120;0.000018;0.000023;0.007853;0.012927;0.012940;4.498302
6741;0.027194;0.000032;0.000035;0.007898;0.014620;0.015512;4.340214
6761;0.027960;0.000028;0.000026;0.008499;0.015336;0.016381;4.520011
6781;0.020093;0.000029;0.000027;0.008405;0.019696;0.018984;4.465119
6801;0.028940;0.000020;0.000024;0.008288;0.015796;0.015774;4.361554
6821;0.029646;0.000013;0.000017;0.005523;0.018861;0.018317;4.474497
6841;0.025726;0.000025;0.000023;0.005406;0.011966;0.012816;4.464432
6861;0.021382;0.000026;0.000029;0.007777;0.020140;0.020738;4.506607
6881;0.021459;0.000028;0.000023;0.005593;0.017961;0.017863;4.680732
6901;0.023206;0.000037;0.000037;0.006069;0.016225;0.016050;4.573888
6921;0.021969;0.000032;0.000046;0.008115;0.016141;0.016108;4.780090
6941;0.025380;0.000013;0.000018;0.005702;0.024370;0.025339;4.902056
6961;0.028810;0.000029;0.000025;0.007381;0.019050;0.018131;4.935141
6981;0.028982;0.000029;0.000037;0.008809;0.021615;0.021785;4.897746
7001;0.030647;0.000036;0.000036;0.008507;0.021241;0.020216;4.938698
7021;0.030111;0.000018;0.000022;0.008703;0.018554;0.017844;4.769450
7041;0.030362;0.000018;0.000024;0.007334;0.021228;0.019904;5.018687
7061;0.030892;0.000019;0.000025;0.008048;0.015625;0.012057;4.975474
7081;0.031381;0.000036;0.000037;0.007885;0.022833;0.021539;4.906534
7101;0.030473;0.000021;0.000029;0.008454;0.019731;0.019748;5.137647
7121;0.032048;0.000033;0.000035;0.007854;0.023684;0.022294;4.939853
7141;0.031685;0.000053;0.000068;0.008727;0.022195;0.021425;5.066130
7161;0.031765;0.000030;0.000023;0.009074;0.014637;0.014665;4.998842
7181;0.023392;0.000030;0.000027;0.006729;0.015324;0.013941;5.251015
7201;0.023582;0.000021;0.000025;0.008633;0.022827;0.022927;5.149627
7221;0.032066;0.000025;0.000024;0.009203;0.016538;0.016016;5.265335
7241;0.032445;0.000040;0.000045;0.009020;0.022440;0.022415;5.089724
7261;0.032357;0.000032;0.000028;0.007949;0.023007;0.021356;5.264985
7281;0.032642;0.000037;0.000038;0.009270;0.020212;0.021139;5.328544
7301;0.032847;0.000019;0.000025;0.009398;0.017609;0.016334;5.254399
7321;0.033007;0.000019;0.000025;0.009486;0.024661;0.022262;5.113130
7341;0.034197;0.000020;0.000026;0.006971;0.016825;0.017406;5.186496
7361;0.026271;0.000018;0.000021;0.007201;0.019595;0.019238;5.142557
7381;0.025335;0.000038;0.000042;0.006844;0.018193;0.018356;5.158768
7401;0.025837;0.000014;0.000019;0.006725;0.021412;0.021776;5.118143
7421;0.030733;0.000019;0.000021;0.007913;0.019967;0.019156;5.187105
7441;0.025250;0.000028;0.000032;0.010288;0.017866;0.017949;5.235105
7461;0.025599;0.000030;0.000024;0.006824;0.020774;0.020893;5.208652
7481;0.026013;0.000031;0.000030;0.010136;0.024039;0.022803;5.600378
7501;0.031721;0.000031;0.000032;0.012485;0.029012;0.030950;5.461342
7521;0.034631;0.000033;0.000038;0.009767;0.022333;0.023198;5.510438
7541;0.024720;0.000040;0.000038;0.006913;0.013947;0.015019;5.516363
7561;0.028280;0.000031;0.000040;0.010850;0.023596;0.021397;5.274186
7581;0.035041;0.000043;0.000035;0.011082;0.016433;0.015971;5.335300
7601;0.028178;0.000019;0.000023;0.007498;0.014668;0.014632;5.325729
7621;0.025923;0.000025;0.000027;0.007336;0.016894;0.020274;5.423798
7641;0.026217;0.000014;0.000019;0.007016;0.016116;0.015789;5.524346
7661;0.036124;0.000039;0.000041;0.009152;0.022446;0.022625;5.647413
7681;0.031564;0.000021;0.000035;0.007329;0.015199;0.015684;5.147487
7701;0.028397;0.000035;0.000050;0.007734;0.015602;0.014963;5.068197
7721;0.030287;0.000025;0.000026;0.008288;0.021647;0.023214;5.645840
7741;0.036015;0.000035;0.000030;0.010118;0.018558;0.018461;5.853049
7761;0.037290;0.000019;0.000024;0.009854;0.024366;0.024418;5.731694
7781;0.028055;0.000015;0.000020;0.007362;0.017309;0.019255;5.226486
7801;0.027020;0.000026;0.000031;0.007438;0.019824;0.019803;4.698781
7821;0.031290;0.000015;0.000018;0.007049;0.024992;0.025542;5.868224
7841;0.036460;0.000038;0.000032;0.009426;0.027475;0.023606;5.951930
7861;0.038186;0.000020;0.000025;0.010331;0.029429;0.030692;5.380710
7881;0.038438;0.000029;0.000028;0.010747;0.025571;0.025822;5.119065
7901;0.028235;0.000014;0.000021;0.007617;0.020359;0.020851;4.804799
7921;0.031038;0.000033;0.000041;0.008778;0.018995;0.018460;5.268949
7941;0.030997;0.000016;0.000022;0.011708;0.017458;0.018276;5.755936
7961;0.029348;0.000021;0.000020;0.007502;0.018299;0.018249;5.405849
7981;0.034841;0.000040;0.000025;0.008415;0.021006;0.019531;5.610080
8001;0.029210;0.000015;0.000019;0.007494;0.029626;0.028496;5.494169
8021;0.039496;0.000031;0.000028;0.011275;0.022036;0.018596;5.654660
8041;0.037596;0.000016;0.000020;0.007648;0.032767;0.031411;5.859036
8061;0.034342;0.000028;0.000025;0.007881;0.020074;0.018475;5.848894
8081;0.042727;0.000022;0.000028;0.010807;0.022895;0.022276;6.058515
8101;0.031496;0.000027;0.000038;0.011540;0.033972;0.031009;5.742974
8121;0.037434;0.000026;0.000022;0.009604;0.027901;0.027579;6.107897
8141;0.036069;0.000020;0.000026;0.011417;0.022516;0.022926;5.708102
8161;0.035117;0.000025;0.000026;0.009850;0.031661;0.031993;5.924966
8181;0.035328;0.000040;0.000056;0.009272;0.032237;0.031060;6.190686
8201;0.037784;0.000022;0.000024;0.009910;0.025494;0.020547;5.923488
8221;0.038561;0.000035;0.000032;0.009754;0.030179;0.032893;5.914281
8241;0.035935;0.000037;0.000056;0.009014;0.024791;0.024753;5.808158
8261;0.031519;0.000040;0.000038;0.009639;0.031465;0.031051;5.929970
8281;0.038680;0.000056;0.000064;0.008873;0.019327;0.019689;6.041826
8301;0.040236;0.000020;0.000025;0.009926;0.023355;0.024116;6.108206
8321;0.040088;0.000029;0.000023;0.008237;0.018123;0.017906;6.128555
8341;0.034827;0.000026;0.000026;0.008361;0.031645;0.030917;6.181078
8361;0.037793;0.000015;0.000020;0.012574;0.025015;0.023972;6.387100
8381;0.040533;0.000017;0.000022;0.009423;0.023386;0.025406;6.449841
8401;0.038975;0.000047;0.000052;0.009908;0.026903;0.026786;6.168327
8421;0.041708;0.000018;0.000022;0.009012;0.021288;0.021987;6.348074
8441;0.039349;0.000050;0.000047;0.011717;0.030902;0.029996;6.318200
8461;0.040557;0.000034;0.000033;0.010720;0.023137;0.020388;6.372597
8481;0.038531;0.000017;0.000023;0.009330;0.030732;0.030972;6.503436
8501;0.039728;0.000016;0.000021;0.008658;0.026562;0.028421;6.485121
8521;0.041391;0.000026;0.000030;0.009476;0.021848;0.022269;6.612365
8541;0.046253;0.000019;0.000025;0.010168;0.024053;0.027582;6.506214
8561;0.036167;0.000034;0.000035;0.011209;0.024877;0.028389;6.604076
8581;0.035146;0.000032;0.000045;0.009329;0.018881;0.018995;6.767839
8601;0.044473;0.000023;0.000030;0.010289;0.027563;0.024307;6.905449
8621;0.038948;0.000021;0.000029;0.010782;0.034433;0.033389;6.593676
8641;0.039688;0.000025;0.000028;0.009668;0.020189;0.020876;6.576501
8661;0.040682;0.000028;0.000031;0.009651;0.029609;0.024231;6.563392
8681;0.040836;0.000038;0.000041;0.011507;0.024144;0.024475;6.954970
8701;0.037362;0.000048;0.000049;0.013334;0.029229;0.028150;6.830080
8721;0.040227;0.000016;0.000022;0.013153;0.023790;0.025264;6.805359
8741;0.044119;0.000036;0.000036;0.010577;0.024572;0.021675;7.000011
8761;0.045630;0.000021;0.000028;0.010793;0.027629;0.028835;7.116137
8781;0.038817;0.000024;0.000030;0.013684;0.039301;0.036594;6.796623
8801;0.045316;0.000041;0.000028;0.010075;0.027260;0.028943;6.827436
8821;0.038307;0.000058;0.000038;0.015748;0.035847;0.033229;6.905356
8841;0.044300;0.000039;0.000041;0.013852;0.021677;0.020001;6.802757
8861;0.038393;0.000020;0.000024;0.010255;0.027469;0.029066;6.879042
